Query_ID	Target_ID	Optimal_offset	p-value	E-value	q-value	Overlap	Query_consensus	Target_consensus	Orientation
ABRGYGCCMCCTRGTGGYVR	MA0139.1	-1	4.72049e-19	5.10757e-16	1.01906e-15	19	AGAGCGCCCCCTGGTGGCCA	TAGCGCCCCCTGGTGGCCA	-
ABRGYGCCMCCTRGTGGYVR	MA0531.1	-2	8.70648e-08	9.42042e-05	9.39775e-05	15	AGAGCGCCCCCTGGTGGCCA	GGCGCCATCTAGCGG	-
ABRGYGCCMCCTRGTGGYVR	MA0123.1	-1	0.00041963	0.45404	0.301965	10	AGAGCGCCCCCTGGTGGCCA	CGGTGCCCCC	+
ABRGYGCCMCCTRGTGGYVR	MA0373.1	-4	0.000904556	0.97873	0.388477	7	AGAGCGCCCCCTGGTGGCCA	CGCCACC	-
CTTTCCAYTGTGCGGCGCTG	MA0394.1	-10	0.000256504	0.277537	0.276554	8	CTTTCCATTGTGCGGCGCTG	TGCGGCGC	+
CTTTCCAYTGTGCGGCGCTG	MA1051.1	-10	0.000294717	0.318884	0.276554	8	CTTTCCATTGTGCGGCGCTG	GGCGGCGC	-
CTTTCCAYTGTGCGGCGCTG	MA1053.1	-10	0.000404048	0.43718	0.276554	8	CTTTCCATTGTGCGGCGCTG	GGCGGCGC	-
CTTTCCAYTGTGCGGCGCTG	MA1052.1	-10	0.000589721	0.638078	0.276554	8	CTTTCCATTGTGCGGCGCTG	GGCGGCGC	-
CTTTCCAYTGTGCGGCGCTG	MA0980.1	-10	0.000642999	0.695724	0.276554	8	CTTTCCATTGTGCGGCGCTG	GGCGGCGC	-
CTTTCCAYTGTGCGGCGCTG	MA0976.1	-10	0.000900788	0.974653	0.322858	8	CTTTCCATTGTGCGGCGCTG	GGCGGCGC	-
CAGCAGGTGGCGC	MA0139.1	4	3.70521e-06	0.00400903	0.00765872	13	CAGCAGGTGGCGC	TGGCCACCAGGGGGCGCTA	+
CAGCAGGTGGCGC	MA0373.1	-5	2.54346e-05	0.0275202	0.0199757	7	CAGCAGGTGGCGC	GGTGGCG	+
CAGCAGGTGGCGC	MA0531.1	1	2.89921e-05	0.0313695	0.0199757	13	CAGCAGGTGGCGC	CCGCTAGATGGCGCC	+
CAGCAGGTGGCGC	MA0961.1	-2	0.000101271	0.109575	0.0523322	9	CAGCAGGTGGCGC	GCAAGTGGC	-
CAGCAGGTGGCGC	MA0086.1	-3	0.000132331	0.143182	0.054706	6	CAGCAGGTGGCGC	CAGGTG	+
CAGCAGGTGGCGC	MA0980.1	-5	0.000366687	0.396755	0.124617	8	CAGCAGGTGGCGC	GGCGGCGC	-
CAGCAGGTGGCGC	MA1021.1	-2	0.000517682	0.560132	0.124617	8	CAGCAGGTGGCGC	GCACGTGG	-
CAGCAGGTGGCGC	MA1052.1	-5	0.000517682	0.560132	0.124617	8	CAGCAGGTGGCGC	GGCGGCGC	-
CAGCAGGTGGCGC	MA0745.1	-1	0.000561125	0.607137	0.124617	9	CAGCAGGTGGCGC	AACAGGTGT	+
CAGCAGGTGGCGC	MA1053.1	-5	0.000712547	0.770976	0.124617	8	CAGCAGGTGGCGC	GGCGGCGC	-
CAGCAGGTGGCGC	MA0744.1	3	0.000727361	0.787005	0.124617	10	CAGCAGGTGGCGC	ATGCAACAGGTGG	+
CAGCAGGTGGCGC	MA0976.1	-5	0.000783746	0.848014	0.124617	8	CAGCAGGTGGCGC	GGCGGCGC	-
CAGCAGGTGGCGC	MA1051.1	-5	0.000783746	0.848014	0.124617	8	CAGCAGGTGGCGC	GGCGGCGC	-
CAGCAGGTGGCGC	MA1074.1	-2	0.000857511	0.927827	0.126606	8	CAGCAGGTGGCGC	GCACGTGG	-

# Tomtom (Motif Comparison Tool): Version 5.0.5 compiled on Aug  6 2019 at 00:49:37
# The format of this file is described at http://meme-suite.org/doc/tomtom-output-format.html.
# tomtom -verbosity 1 -oc meme_results/meme_tomtom_out -min-overlap 5 -dist pearson -evalue -thresh 1 -no-ssc meme_results/meme_out/meme.xml JASPAR_CORE_2016.meme
